{
   "@class" : "PhongMaterial",
   "ambient" : {
      "b" : 0.05000000074505806,
      "g" : 0.06000000238418579,
      "r" : 0.02000000141561031
   },
   "diffuse" : {
      "b" : 0.1000000014901161,
      "g" : 0.1200000047683716,
      "r" : 0.04000000283122063
   },
   "emission" : {
      "b" : 0.0,
      "g" : 0.0,
      "r" : 0.0
   },
   "shaderProgram" : "phong.json",
   "shininess" : 20.0,
   "specular" : {
      "b" : 0.3000000119209290,
      "g" : 0.3600000143051147,
      "r" : 0.1200000047683716
   }
}
