{
   "@class" : "PhongMaterial",
   "ambient" : {
      "b" : 0.0,
      "g" : 0.05,
      "r" : 0.1
   },
   "diffuse" : {
      "b" : 0.005,
      "g" : 0.4,
      "r" : 0.5
   },
   "emission" : {
      "b" : 0.0,
      "g" : 0.0,
      "r" : 0.0
   },
   "shaderProgram" : "phong",
   "shininess" : 300.0,
   "specular" : {
      "b" : 0.4000000059604645,
      "g" : 0.4000000059604645,
      "r" : 0.4000000059604645
   }
}
