{
   "color" : {
      "b" : 0.3000000119209290,
      "g" : 0.3000000119209290,
      "r" : 0.3000000119209290
   },
   "constFalloff" : 0.1000000014901161,
   "linearFalloff" : 0.004999999888241291,
   "position" : {
      "x" : 0.0,
      "y" : 0.50,
      "z" : 0.50
   },
   "squareFalloff" : 0.001000000047497451
}
