{
   "@class" : "Light",
   "color" : {
      "b" : 0.3000000119209290,
      "g" : 0.3000000119209290,
      "r" : 0.3000000119209290
   },
   "constFalloff" : 0.1,
   "linearFalloff" : 0.005,
   "position" : {
      "x" : 0.0,
      "y" : 1.0,
      "z" : 0.0
   },
   "squareFalloff" : 0.001
}
